artist,method,n_pairs,clip_vanilla,clip_method,clip_drop,style_vanilla,style_method,style_drop,style_target_rate,clip_image_similarity,lpips,fid,kid,resnet_top1_agreement,resnet_top5_overlap,dino_similarity,run_mode
Andy Warhol,ESD-x,500.0,0.3353898264312744,0.30559653814315796,0.02979328828811645,0.29096218460083006,0.25173666820526125,0.039225516395568816,0.418,0.7765846478939057,0.5876823110282421,97.13136012465372,0.01158636938877753,0.29,0.3348,0.5600092155802995,fair-eval
Andy Warhol,UCE,500.0,0.3353898264312744,0.28344261528015136,0.05194721115112305,0.29096218460083006,0.23860122169494627,0.052360962905883796,0.1,0.7037315245866775,0.8172437529563904,151.5784420897885,0.04204135334168316,0.096,0.1692,0.34929824735596776,official-replication
Andy Warhol,Concept Ablation Diffusers,500.0,0.3353898264312744,0.31922042743682855,0.01616939899444586,0.29096218460083006,0.2564316294288635,0.03453055517196657,0.5,0.7953074363470077,0.5845766568779945,98.60253282773624,0.012552578031062304,0.28,0.34640000000000004,0.5990170354284347,fair-eval
Andy Warhol,SPACE,500.0,0.3353898264312744,0.29693059638977054,0.03845923004150387,0.29096218460083006,0.22982287899017337,0.0611393056106567,0.142,0.7340830109715462,0.6679493321478367,147.81453728753172,0.03629030941382789,0.176,0.258,0.44763632318004964,research-method
MEAN,Concept Ablation Diffusers,500.0,0.3353898264312744,0.31922042743682855,0.01616939899444586,0.29096218460083006,0.2564316294288635,0.03453055517196657,0.5,0.7953074363470077,0.5845766568779945,98.60253282773624,0.012552578031062304,0.28,0.34640000000000004,0.5990170354284347,fair-eval
MEAN,ESD-x,500.0,0.3353898264312744,0.30559653814315796,0.02979328828811645,0.29096218460083006,0.25173666820526125,0.039225516395568816,0.418,0.7765846478939057,0.5876823110282421,97.13136012465372,0.01158636938877753,0.29,0.3348,0.5600092155802995,fair-eval
MEAN,SPACE,500.0,0.3353898264312744,0.29693059638977054,0.03845923004150387,0.29096218460083006,0.22982287899017337,0.0611393056106567,0.142,0.7340830109715462,0.6679493321478367,147.81453728753172,0.03629030941382789,0.176,0.258,0.44763632318004964,research-method
MEAN,UCE,500.0,0.3353898264312744,0.28344261528015136,0.05194721115112305,0.29096218460083006,0.23860122169494627,0.052360962905883796,0.1,0.7037315245866775,0.8172437529563904,151.5784420897885,0.04204135334168316,0.096,0.1692,0.34929824735596776,official-replication
