artist,method,n_pairs,clip_vanilla,clip_method,clip_drop,style_vanilla,style_method,style_drop,style_target_rate,clip_image_similarity,lpips,fid,kid,resnet_top1_agreement,resnet_top5_overlap,dino_similarity,run_mode
Andy Warhol,ESD-x,50.0,0.33969510269165043,0.3368213676452637,0.002873735046386716,0.2926764011383057,0.2802347618103027,0.012441639328002962,0.66,0.8432289755344391,0.5019762134552002,186.77857893669602,0.000134514349489816,0.5,0.44800000000000006,0.7177999967336655,fair-eval
Andy Warhol,UCE,50.0,0.33969510269165043,0.2821645904541015,0.0575305122375489,0.2926764011383057,0.23954933242797855,0.05312706871032713,0.12,0.701432450413704,0.8169094491004943,270.6312321934823,0.03603474856505104,0.14,0.192,0.3801239562407136,official-replication
Andy Warhol,Concept Ablation Diffusers,50.0,0.33969510269165043,0.32730072555541995,0.012394377136230483,0.2926764011383057,0.26007403984069827,0.03260236129760741,0.5,0.7977760994434356,0.5728512185811997,206.13703900934416,0.009103978914222028,0.24,0.348,0.6118015584349632,fair-eval
Andy Warhol,SPACE,50.0,0.33969510269165043,0.2919284111022949,0.04776669158935554,0.2926764011383057,0.22586928176879884,0.06680711936950684,0.1,0.7358773624897004,0.6732076227664947,252.56046556519237,0.03158640134725766,0.14,0.23199999999999998,0.4565325304865837,research-method
MEAN,Concept Ablation Diffusers,50.0,0.33969510269165043,0.32730072555541995,0.012394377136230483,0.2926764011383057,0.26007403984069827,0.03260236129760741,0.5,0.7977760994434356,0.5728512185811997,206.13703900934416,0.009103978914222028,0.24,0.348,0.6118015584349632,fair-eval
MEAN,ESD-x,50.0,0.33969510269165043,0.3368213676452637,0.002873735046386716,0.2926764011383057,0.2802347618103027,0.012441639328002962,0.66,0.8432289755344391,0.5019762134552002,186.77857893669602,0.000134514349489816,0.5,0.44800000000000006,0.7177999967336655,fair-eval
MEAN,SPACE,50.0,0.33969510269165043,0.2919284111022949,0.04776669158935554,0.2926764011383057,0.22586928176879884,0.06680711936950684,0.1,0.7358773624897004,0.6732076227664947,252.56046556519237,0.03158640134725766,0.14,0.23199999999999998,0.4565325304865837,research-method
MEAN,UCE,50.0,0.33969510269165043,0.2821645904541015,0.0575305122375489,0.2926764011383057,0.23954933242797855,0.05312706871032713,0.12,0.701432450413704,0.8169094491004943,270.6312321934823,0.03603474856505104,0.14,0.192,0.3801239562407136,official-replication
