artist,method,n_pairs,clip_vanilla,clip_method,clip_drop,style_vanilla,style_method,style_drop,style_target_rate,clip_image_similarity,lpips,fid,kid,resnet_top1_agreement,resnet_top5_overlap,dino_similarity,run_mode
Andy Warhol,ESD-x,50.0,0.33969741744995124,0.33681014862060543,0.0028872688293458126,0.29267690353393555,0.2802269283294678,0.012449975204467778,0.66,0.843238388299942,0.5019775235652923,210.67473820631136,0.00882239740114795,0.5,0.44800000000000006,0.7177999842166901,fair-eval
Andy Warhol,UCE,50.0,0.33969741744995124,0.2827247928619385,0.05697262458801272,0.29267690353393555,0.24085315208435062,0.051823751449584926,0.08,0.6993331533670425,0.816741486787796,253.8077382982042,0.03711556465242349,0.1,0.18,0.38034566469490527,official-replication
Andy Warhol,Concept Ablation Diffusers,50.0,0.33969741744995124,0.32655612258911126,0.01314129486083998,0.29267690353393555,0.260495580291748,0.03218132324218753,0.56,0.7983163821697236,0.5737476599216461,208.29429632664795,0.010676027104591843,0.28,0.36,0.6163595656305552,fair-eval
Andy Warhol,SPACE,50.0,0.33969741744995124,0.2919308258056641,0.04776659164428715,0.29267690353393555,0.22586795310974117,0.06680895042419438,0.1,0.7358878219127655,0.6732101112604141,255.63035274801115,0.032809808633609674,0.14,0.23199999999999998,0.45653249256312844,research-method
MEAN,Concept Ablation Diffusers,50.0,0.33969741744995124,0.32655612258911126,0.01314129486083998,0.29267690353393555,0.260495580291748,0.03218132324218753,0.56,0.7983163821697236,0.5737476599216461,208.29429632664795,0.010676027104591843,0.28,0.36,0.6163595656305552,fair-eval
MEAN,ESD-x,50.0,0.33969741744995124,0.33681014862060543,0.0028872688293458126,0.29267690353393555,0.2802269283294678,0.012449975204467778,0.66,0.843238388299942,0.5019775235652923,210.67473820631136,0.00882239740114795,0.5,0.44800000000000006,0.7177999842166901,fair-eval
MEAN,SPACE,50.0,0.33969741744995124,0.2919308258056641,0.04776659164428715,0.29267690353393555,0.22586795310974117,0.06680895042419438,0.1,0.7358878219127655,0.6732101112604141,255.63035274801115,0.032809808633609674,0.14,0.23199999999999998,0.45653249256312844,research-method
MEAN,UCE,50.0,0.33969741744995124,0.2827247928619385,0.05697262458801272,0.29267690353393555,0.24085315208435062,0.051823751449584926,0.08,0.6993331533670425,0.816741486787796,253.8077382982042,0.03711556465242349,0.1,0.18,0.38034566469490527,official-replication
