artist,method,n_pairs,clip_vanilla,clip_method,clip_drop,style_vanilla,style_method,style_drop,style_target_rate,clip_image_similarity,lpips,fid,kid,resnet_top1_agreement,resnet_top5_overlap,dino_similarity,run_mode
Andy Warhol,SPACE,50.0,0.33969741516113283,0.29193082923889163,0.0477665859222412,0.29267689094543453,0.22586795616149896,0.06680893478393557,0.1,0.7358878242969513,0.6732101118564606,1.1435160943076426,1.5275117617625788e-05,0.14,0.23199999999999998,0.45653251856565474,research-method
MEAN,SPACE,50.0,0.33969741516113283,0.29193082923889163,0.0477665859222412,0.29267689094543453,0.22586795616149896,0.06680893478393557,0.1,0.7358878242969513,0.6732101118564606,1.1435160943076426,1.5275117617625788e-05,0.14,0.23199999999999998,0.45653251856565474,research-method
